{
    "rmse": 0.8043605342710073,
    "mae": 0.6567517043562269,
    "r2": 0.009961640265147453
}